id;created_at;updated_at;body
1;2024-04-28T14:51:31;2024-04-28T20:13:02;revile
2;2024-04-29T04:51:41;2024-04-28T19:14:57;trot
3;2024-04-29T03:15:55;2024-04-29T11:31:28;outside
4;2024-04-28T17:14:38;2024-04-29T06:09:40;parched
5;2024-04-28T18:11:17;2024-04-29T07:37:09;vain along dwell
6;2024-04-28T16:47:36;2024-04-28T22:33:50;frantically
7;2024-04-28T22:49:34;2024-04-28T15:43:31;blackberry
8;2024-04-28T20:17:09;2024-04-29T01:58:46;out finesse
9;2024-04-28T17:36:26;2024-04-29T08:32:25;however even certainly
10;2024-04-29T07:30:30;2024-04-28T17:54:33;than eek along
